Id,Status,Severity,Floor,Level,Category,Issue,Title,CAD value,Revit value,Delta (mm),Revit X (mm),Revit Y (mm),CAD X,CAD Y,Revit element ids,CAD handles,CAD layer,CAD file,Description,Comment
L02-WAL-002,New,Critical,2nd Floor,Second Floor,Wall,Missing in Revit,"Wall 115 mm thick, 4713 mm long not modelled in Revit",115 mm × 4713 mm,—,4712.5,103421.3,-41096.8,7413.8,6000,,111 112,A-WALL,2ND FLOOR PLAN.dxf,"The CAD wall on layer 'A-WALL' (115 mm thick, 4713 mm long) has no Revit wall within 400 mm.",
L02-COL-001,New,Major,2nd Floor,Second Floor,Column,Position offset,Column shifted 60 mm,,,59.6,105547.2,-44487.9,7559.6,2000.3,3002,11F,S-COLS,2ND FLOOR PLAN.dxf,Column centre differs by 59.6 mm between CAD and Revit.,
L02-DR-001,New,Major,2nd Floor,Second Floor,Door,Width mismatch,Door width: CAD 900 mm vs Revit 1000 mm,900 mm,1000 mm — Single 1000,100,103605.1,-46244.3,4999.6,1450.1,2001,115,A-DOOR,2ND FLOOR PLAN.dxf,"Door D1: CAD width 900 mm (from swing arc radius), Revit 'Single 1000' width 1000 mm.",
L02-WAL-001,New,Major,2nd Floor,Second Floor,Wall,Thickness mismatch,Wall thickness: CAD 230 mm vs Revit 200 mm,"230 mm drawn, note ""230 THK. BRICK WALL""",200 mm — Brick 230,-30,100240.2,-45242.3,2586.3,4000,1005,10E 10F,A-WALL,2ND FLOOR PLAN.dxf,"CAD wall (230 mm drawn, note ""230 THK. BRICK WALL"") is modelled with Revit type 'Brick 230' (200 mm) over 4713 mm.",
L02-WAL-003,New,Major,2nd Floor,Second Floor,Wall,Extra in Revit (not in CAD),Revit wall 'Brick 115' (2885 mm) not in CAD,—,"Brick 115, 2885 mm",2885,105716.4,-44901.2,7499.6,1557.8,1006,,,2ND FLOOR PLAN.dxf,Revit wall 1006 of type 'Brick 115' has no matching wall in the CAD plan.,
L02-WIN-001,New,Major,2nd Floor,Second Floor,Window,Missing in Revit,Window W1 (1200 mm) missing in Revit,W1 1200 mm,—,1200,106524.7,-46100.5,7600,115,,11C,A-GLAZ,2ND FLOOR PLAN.dxf,"CAD window (block 'WIN_1200', layer 'A-GLAZ', width from block extents) has no Revit window within 600 mm.",
L02-DIM-001,New,Minor,2nd Floor,Second Floor,Dimension,Dimension mismatch,"Dimension 230 mm in CAD, 200 mm in Revit",230 mm,200 mm,-30,98866.4,-46035.3,1000,4000,1005,12F,A-ANNO-DIMS,2ND FLOOR PLAN.dxf,CAD dimension between wall face and wall face reads 230 mm; the same references in Revit are 200 mm apart.,
L02-MDL-001,New,Minor,2nd Floor,Second Floor,Revit Model,Type name does not match width,Type 'Brick 230' is actually 200 mm wide,,Brick 230: 200 mm,-30,100214.9,-45257.1,2556.9,3999.8,1005,,,2ND FLOOR PLAN.dxf,The wall type name suggests 230 mm but the type width is 200 mm.,
L02-RM-001,New,Minor,2nd Floor,Second Floor,Room,Name mismatch,Room name: CAD 'KITCHEN' vs Revit 'Dining',KITCHEN,202 Dining,,99539.5,-46801.4,1200,3000,5002,12E,A-AREA-IDEN,2ND FLOOR PLAN.dxf,Revit room 202 is named 'Dining'.,
